station_id,station_name,timestamp,temperature_c,pressure_hpa,humidity_pct
42182,New Delhi Safdarjung,2025-05-20 00:00,29.6,1005.8,56
42182,New Delhi Safdarjung,2025-05-20 01:00,28.8,1006.9,58
42182,New Delhi Safdarjung,2025-05-20 02:00,28.0,1006.6,60
42182,New Delhi Safdarjung,2025-05-20 03:00,27.9,1007.0,59
42182,New Delhi Safdarjung,2025-05-20 04:00,27.6,1007.1,60
42182,New Delhi Safdarjung,2025-05-20 05:00,28.9,1006.7,56
42182,New Delhi Safdarjung,2025-05-20 06:00,30.3,1006.1,56
42182,New Delhi Safdarjung,2025-05-20 07:00,31.2,1005.0,55
42182,New Delhi Safdarjung,2025-05-20 08:00,32.5,1004.4,48
42182,New Delhi Safdarjung,2025-05-20 09:00,34.8,1004.0,43
42182,New Delhi Safdarjung,2025-05-20 10:00,35.5,1003.3,40
42182,New Delhi Safdarjung,2025-05-20 11:00,36.8,1002.7,39
42182,New Delhi Safdarjung,2025-05-20 12:00,38.2,1001.9,35
42182,New Delhi Safdarjung,2025-05-20 13:00,39.1,1001.4,32
42182,New Delhi Safdarjung,2025-05-20 14:00,40.2,1000.9,32
42182,New Delhi Safdarjung,2025-05-20 15:00,40.5,1000.8,30
42182,New Delhi Safdarjung,2025-05-20 16:00,39.9,1001.1,30
42182,New Delhi Safdarjung,2025-05-20 17:00,38.9,1001.0,33
42182,New Delhi Safdarjung,2025-05-20 18:00,37.3,1002.0,36
42182,New Delhi Safdarjung,2025-05-20 19:00,36.7,1002.6,39
42182,New Delhi Safdarjung,2025-05-20 20:00,35.8,1003.1,42
42182,New Delhi Safdarjung,2025-05-20 21:00,34.1,1003.8,44
42182,New Delhi Safdarjung,2025-05-20 22:00,32.6,1004.7,50
42182,New Delhi Safdarjung,2025-05-20 23:00,31.0,1005.5,53
42182,New Delhi Safdarjung,2025-05-21 00:00,29.9,1006.1,56
42182,New Delhi Safdarjung,2025-05-21 01:00,29.0,1006.6,58
42182,New Delhi Safdarjung,2025-05-21 02:00,28.1,1007.0,59
42182,New Delhi Safdarjung,2025-05-21 03:00,28.2,1007.2,58
42182,New Delhi Safdarjung,2025-05-21 04:00,28.6,1007.1,58
42182,New Delhi Safdarjung,2025-05-21 05:00,29.5,1006.6,59
42182,New Delhi Safdarjung,2025-05-21 06:00,30.3,1006.0,54
42182,New Delhi Safdarjung,2025-05-21 07:00,30.9,1005.5,53
42182,New Delhi Safdarjung,2025-05-21 08:00,32.7,1005.1,48
42182,New Delhi Safdarjung,2025-05-21 09:00,33.6,1004.1,45
42182,New Delhi Safdarjung,2025-05-21 10:00,35.5,1003.0,42
42182,New Delhi Safdarjung,2025-05-21 11:00,37.2,1002.4,42
42182,New Delhi Safdarjung,2025-05-21 12:00,37.9,1002.1,34
42182,New Delhi Safdarjung,2025-05-21 13:00,38.9,1001.2,34
42182,New Delhi Safdarjung,2025-05-21 14:00,39.6,1001.0,30
42182,New Delhi Safdarjung,2025-05-21 15:00,40.1,1001.2,31
42182,New Delhi Safdarjung,2025-05-21 16:00,40.2,1001.4,30
42182,New Delhi Safdarjung,2025-05-21 17:00,39.3,1001.6,33
42182,New Delhi Safdarjung,2025-05-21 18:00,38.3,1002.2,34
42182,New Delhi Safdarjung,2025-05-21 19:00,37.0,1002.6,37
42182,New Delhi Safdarjung,2025-05-21 20:00,35.3,1003.5,41
42182,New Delhi Safdarjung,2025-05-21 21:00,34.3,1004.3,43
42182,New Delhi Safdarjung,2025-05-21 22:00,32.6,1004.7,49
42182,New Delhi Safdarjung,2025-05-21 23:00,31.2,1005.4,51
42181,New Delhi Palam,2025-05-20 00:00,29.5,1006.6,55
42181,New Delhi Palam,2025-05-20 01:00,28.6,1007.1,59
42181,New Delhi Palam,2025-05-20 02:00,28.1,1007.3,59
42181,New Delhi Palam,2025-05-20 03:00,27.8,1007.6,60
42181,New Delhi Palam,2025-05-20 04:00,28.4,1007.7,57
42181,New Delhi Palam,2025-05-20 05:00,28.6,1007.1,57
42181,New Delhi Palam,2025-05-20 06:00,29.0,1006.2,55
42181,New Delhi Palam,2025-05-20 07:00,30.6,1006.1,52
42181,New Delhi Palam,2025-05-20 08:00,32.4,1005.5,48
42181,New Delhi Palam,2025-05-20 09:00,33.6,1004.8,44
42181,New Delhi Palam,2025-05-20 10:00,35.8,1004.1,41
42181,New Delhi Palam,2025-05-20 11:00,36.7,1003.1,36
42181,New Delhi Palam,2025-05-20 12:00,38.6,1002.0,34
42181,New Delhi Palam,2025-05-20 13:00,38.8,1002.3,32
42181,New Delhi Palam,2025-05-20 14:00,39.1,1001.7,31
42181,New Delhi Palam,2025-05-20 15:00,40.1,1001.2,32
42181,New Delhi Palam,2025-05-20 16:00,39.8,1001.5,29
42181,New Delhi Palam,2025-05-20 17:00,38.7,1002.1,33
42181,New Delhi Palam,2025-05-20 18:00,37.8,1002.6,36
42181,New Delhi Palam,2025-05-20 19:00,36.6,1003.2,37
42181,New Delhi Palam,2025-05-20 20:00,35.2,1003.7,42
42181,New Delhi Palam,2025-05-20 21:00,33.1,1004.3,41
42181,New Delhi Palam,2025-05-20 22:00,32.3,1005.5,51
42181,New Delhi Palam,2025-05-20 23:00,30.1,1006.0,51
42181,New Delhi Palam,2025-05-21 00:00,29.1,1006.5,54
42181,New Delhi Palam,2025-05-21 01:00,29.1,1006.8,56
42181,New Delhi Palam,2025-05-21 02:00,27.9,1007.4,60
42181,New Delhi Palam,2025-05-21 03:00,27.3,1007.5,60
42181,New Delhi Palam,2025-05-21 04:00,28.1,1007.4,61
42181,New Delhi Palam,2025-05-21 05:00,28.1,1007.4,59
42181,New Delhi Palam,2025-05-21 06:00,29.6,1006.7,57
42181,New Delhi Palam,2025-05-21 07:00,31.0,1005.8,54
42181,New Delhi Palam,2025-05-21 08:00,32.2,1005.5,49
42181,New Delhi Palam,2025-05-21 09:00,33.4,1004.3,46
42181,New Delhi Palam,2025-05-21 10:00,35.6,1003.4,41
42181,New Delhi Palam,2025-05-21 11:00,37.0,1002.9,40
42181,New Delhi Palam,2025-05-21 12:00,38.1,1002.6,33
42181,New Delhi Palam,2025-05-21 13:00,39.4,1002.1,33
42181,New Delhi Palam,2025-05-21 14:00,39.7,1001.7,33
42181,New Delhi Palam,2025-05-21 15:00,39.7,1001.5,30
42181,New Delhi Palam,2025-05-21 16:00,39.6,1001.6,28
42181,New Delhi Palam,2025-05-21 17:00,39.2,1001.7,31
42181,New Delhi Palam,2025-05-21 18:00,37.9,1002.5,31
42181,New Delhi Palam,2025-05-21 19:00,36.3,1003.5,40
42181,New Delhi Palam,2025-05-21 20:00,35.8,1003.7,43
42181,New Delhi Palam,2025-05-21 21:00,33.7,1004.4,42
42181,New Delhi Palam,2025-05-21 22:00,32.1,1005.2,46
42181,New Delhi Palam,2025-05-21 23:00,30.4,1005.9,51
42260,Agra,2025-05-20 00:00,30.8,1005.1,56
42260,Agra,2025-05-20 01:00,30.0,1005.7,56
42260,Agra,2025-05-20 02:00,29.2,1005.8,57
42260,Agra,2025-05-20 03:00,28.7,1006.1,61
42260,Agra,2025-05-20 04:00,28.5,1005.9,61
42260,Agra,2025-05-20 05:00,29.4,1005.6,58
42260,Agra,2025-05-20 06:00,30.6,1005.4,56
42260,Agra,2025-05-20 07:00,31.4,1004.3,53
42260,Agra,2025-05-20 08:00,32.7,1003.8,49
42260,Agra,2025-05-20 09:00,35.0,1002.9,45
42260,Agra,2025-05-20 10:00,36.1,1002.1,43
42260,Agra,2025-05-20 11:00,37.6,1001.6,39
42260,Agra,2025-05-20 12:00,39.5,1001.2,34
42260,Agra,2025-05-20 13:00,39.5,1000.3,31
42260,Agra,2025-05-20 14:00,40.6,1000.1,30
42260,Agra,2025-05-20 15:00,40.3,1000.1,33
42260,Agra,2025-05-20 16:00,41.1,1000.2,32
42260,Agra,2025-05-20 17:00,39.8,1000.3,35
42260,Agra,2025-05-20 18:00,39.2,1001.1,35
42260,Agra,2025-05-20 19:00,38.0,1001.7,39
42260,Agra,2025-05-20 20:00,36.0,1002.2,44
42260,Agra,2025-05-20 21:00,34.8,1003.3,45
42260,Agra,2025-05-20 22:00,32.9,1003.6,47
42260,Agra,2025-05-20 23:00,31.3,1004.4,51
42260,Agra,2025-05-21 00:00,30.1,1005.0,55
42260,Agra,2025-05-21 01:00,29.8,1005.7,58
42260,Agra,2025-05-21 02:00,29.3,1005.9,60
42260,Agra,2025-05-21 03:00,28.5,1005.9,60
42260,Agra,2025-05-21 04:00,28.9,1006.3,60
42260,Agra,2025-05-21 05:00,29.8,1005.6,59
42260,Agra,2025-05-21 06:00,31.0,1005.0,57
42260,Agra,2025-05-21 07:00,31.4,1004.6,54
42260,Agra,2025-05-21 08:00,33.6,1004.0,47
42260,Agra,2025-05-21 09:00,34.7,1003.3,47
42260,Agra,2025-05-21 10:00,36.2,1002.1,42
42260,Agra,2025-05-21 11:00,37.8,1001.5,36
42260,Agra,2025-05-21 12:00,39.1,1001.1,34
42260,Agra,2025-05-21 13:00,40.2,1000.4,36
42260,Agra,2025-05-21 14:00,40.8,1000.4,28
42260,Agra,2025-05-21 15:00,40.6,1000.0,29
42260,Agra,2025-05-21 16:00,40.0,1000.0,33
42260,Agra,2025-05-21 17:00,40.1,1000.5,34
42260,Agra,2025-05-21 18:00,39.0,1001.1,35
42260,Agra,2025-05-21 19:00,38.0,1001.3,38
42260,Agra,2025-05-21 20:00,36.5,1002.1,40
42260,Agra,2025-05-21 21:00,34.3,1003.1,45
42260,Agra,2025-05-21 22:00,33.5,1003.9,52
42260,Agra,2025-05-21 23:00,31.9,1004.7,53
