Station Name,Date Time,Air Temp (K),Pressure (Pa),Humidity
CHENNAI_AWS_7,04/06/2025 00:00,302.15,100700.0,79.0
PONDY_AWS_2,04/06/2025 00:00,300.15,100680.0,92.0
CHENNAI_AWS_7,04/06/2025 01:00,303.15,100700.0,75.0
PONDY_AWS_2,04/06/2025 01:00,299.75,100800.0,80.0
CHENNAI_AWS_7,04/06/2025 02:00,304.15,100700.0,71.0
PONDY_AWS_2,04/06/2025 02:00,-999.0,100850.0,71.0
CHENNAI_AWS_7,04/06/2025 03:00,-999.0,100800.0,59.0
PONDY_AWS_2,04/06/2025 03:00,-999.0,100830.0,79.0
PONDY_AWS_2,04/06/2025 04:00,305.65,100870.0,56.0
CHENNAI_AWS_7,04/06/2025 04:00,307.15,100800.0,56.0
PONDY_AWS_2,04/06/2025 05:00,306.45,100840.0,53.0
CHENNAI_AWS_7,04/06/2025 05:00,308.15,100700.0,53.0
CHENNAI_AWS_7,04/06/2025 06:00,308.95,100750.0,46.0
PONDY_AWS_2,04/06/2025 06:00,307.55,100740.0,51.0
CHENNAI_AWS_7,04/06/2025 07:00,309.45,100670.0,45.0
PONDY_AWS_2,04/06/2025 07:00,307.95,100710.0,47.0
CHENNAI_AWS_7,04/06/2025 08:00,309.95,100590.0,43.0
PONDY_AWS_2,04/06/2025 08:00,308.15,100590.0,47.0
CHENNAI_AWS_7,04/06/2025 09:00,310.45,100520.0,42.0
PONDY_AWS_2,04/06/2025 09:00,310.35,100470.0,46.0
PONDY_AWS_2,04/06/2025 10:00,308.25,100390.0,48.0
CHENNAI_AWS_7,04/06/2025 10:00,308.75,100510.0,48.0
CHENNAI_AWS_7,04/06/2025 11:00,308.15,100400.0,56.0
PONDY_AWS_2,04/06/2025 11:00,,,
CHENNAI_AWS_7,04/06/2025 12:00,307.15,100400.0,60.0
PONDY_AWS_2,04/06/2025 12:00,,,
CHENNAI_AWS_7,04/06/2025 13:00,306.15,100500.0,67.0
PONDY_AWS_2,04/06/2025 13:00,303.85,100520.0,71.0
PONDY_AWS_2,04/06/2025 14:00,303.25,100610.0,81.0
CHENNAI_AWS_7,04/06/2025 14:00,303.15,100600.0,70.0
PONDY_AWS_2,04/06/2025 15:00,303.15,100670.0,85.0
CHENNAI_AWS_7,04/06/2025 15:00,305.15,100600.0,71.0
PONDY_AWS_2,04/06/2025 16:00,302.95,100740.0,82.0
CHENNAI_AWS_7,04/06/2025 16:00,304.15,100700.0,79.0
CHENNAI_AWS_7,04/06/2025 17:00,304.15,100700.0,84.0
PONDY_AWS_2,04/06/2025 17:00,302.75,100770.0,80.0
PONDY_AWS_2,04/06/2025 18:00,303.15,100700.0,78.0
CHENNAI_AWS_7,04/06/2025 18:00,304.15,100700.0,79.0
CHENNAI_AWS_7,04/06/2025 19:00,304.15,100600.0,79.0
PONDY_AWS_2,04/06/2025 19:00,302.15,100740.0,71.0
PONDY_AWS_2,04/06/2025 20:00,301.65,100690.0,79.0
CHENNAI_AWS_7,04/06/2025 20:00,304.15,100600.0,79.0
PONDY_AWS_2,04/06/2025 21:00,302.35,100590.0,84.0
CHENNAI_AWS_7,04/06/2025 21:00,303.15,100500.0,79.0
CHENNAI_AWS_7,04/06/2025 22:00,303.15,100600.0,79.0
PONDY_AWS_2,04/06/2025 22:00,300.85,100640.0,79.0
PONDY_AWS_2,04/06/2025 23:00,300.55,100670.0,77.0
CHENNAI_AWS_7,04/06/2025 23:00,302.15,100600.0,79.0
PONDY_AWS_2,05/06/2025 00:00,301.35,100650.0,85.0
CHENNAI_AWS_7,05/06/2025 00:00,302.15,100700.0,84.0
PONDY_AWS_2,05/06/2025 01:00,301.05,100790.0,66.0
CHENNAI_AWS_7,05/06/2025 01:00,303.15,100800.0,84.0
PONDY_AWS_2,05/06/2025 02:00,302.25,100840.0,64.0
CHENNAI_AWS_7,05/06/2025 02:00,305.15,100800.0,63.0
PONDY_AWS_2,05/06/2025 03:00,303.75,100810.0,64.0
CHENNAI_AWS_7,05/06/2025 03:00,306.15,100800.0,59.0
CHENNAI_AWS_7,05/06/2025 04:00,306.15,100800.0,56.0
PONDY_AWS_2,05/06/2025 04:00,305.25,100860.0,56.0
CHENNAI_AWS_7,05/06/2025 05:00,308.05,100810.0,46.0
PONDY_AWS_2,05/06/2025 05:00,306.55,100830.0,52.0
PONDY_AWS_2,05/06/2025 06:00,308.55,100750.0,45.0
CHENNAI_AWS_7,05/06/2025 06:00,308.15,100700.0,50.0
CHENNAI_AWS_7,05/06/2025 07:00,309.15,100600.0,47.0
PONDY_AWS_2,05/06/2025 07:00,308.55,100710.0,42.0
CHENNAI_AWS_7,05/06/2025 08:00,310.15,100600.0,48.0
PONDY_AWS_2,05/06/2025 08:00,308.75,100610.0,41.0
CHENNAI_AWS_7,05/06/2025 09:00,311.15,100500.0,45.0
PONDY_AWS_2,05/06/2025 09:00,310.55,100530.0,41.0
CHENNAI_AWS_7,05/06/2025 10:00,309.05,100540.0,47.0
PONDY_AWS_2,05/06/2025 10:00,307.75,100460.0,51.0
PONDY_AWS_2,05/06/2025 11:00,308.55,100410.0,41.0
CHENNAI_AWS_7,05/06/2025 11:00,307.95,100540.0,51.0
PONDY_AWS_2,05/06/2025 12:00,306.35,100500.0,52.0
CHENNAI_AWS_7,05/06/2025 12:00,306.85,100540.0,55.0
PONDY_AWS_2,05/06/2025 13:00,304.65,100530.0,58.0
CHENNAI_AWS_7,05/06/2025 13:00,306.15,100600.0,63.0
PONDY_AWS_2,05/06/2025 14:00,303.65,100630.0,68.0
CHENNAI_AWS_7,05/06/2025 14:00,305.15,100700.0,67.0
CHENNAI_AWS_7,05/06/2025 15:00,305.15,100800.0,71.0
PONDY_AWS_2,05/06/2025 15:00,304.15,100750.0,75.0
CHENNAI_AWS_7,05/06/2025 16:00,305.15,100800.0,71.0
PONDY_AWS_2,05/06/2025 16:00,302.65,100860.0,76.0
PONDY_AWS_2,05/06/2025 17:00,302.45,100880.0,77.0
CHENNAI_AWS_7,05/06/2025 17:00,305.15,100800.0,71.0
PONDY_AWS_2,05/06/2025 18:00,303.35,100820.0,81.0
CHENNAI_AWS_7,05/06/2025 18:00,304.15,100800.0,75.0
PONDY_AWS_2,05/06/2025 19:00,301.55,100890.0,80.0
CHENNAI_AWS_7,05/06/2025 19:00,304.15,100800.0,75.0
PONDY_AWS_2,05/06/2025 20:00,301.35,100840.0,80.0
CHENNAI_AWS_7,05/06/2025 20:00,304.15,100700.0,75.0
PONDY_AWS_2,05/06/2025 21:00,302.35,100780.0,83.0
CHENNAI_AWS_7,05/06/2025 21:00,303.15,100700.0,84.0
CHENNAI_AWS_7,05/06/2025 22:00,303.15,100700.0,84.0
PONDY_AWS_2,05/06/2025 22:00,300.95,100770.0,81.0
CHENNAI_AWS_7,05/06/2025 23:00,303.15,100700.0,79.0
PONDY_AWS_2,05/06/2025 23:00,301.05,100760.0,80.0
CHENNAI_AWS_7,06/06/2025 00:00,303.15,100800.0,79.0
PONDY_AWS_2,06/06/2025 00:00,301.55,100790.0,85.0
PONDY_AWS_2,06/06/2025 01:00,300.75,100860.0,79.0
CHENNAI_AWS_7,06/06/2025 01:00,303.15,100800.0,79.0
PONDY_AWS_2,06/06/2025 02:00,302.45,100880.0,73.0
CHENNAI_AWS_7,06/06/2025 02:00,304.15,100800.0,75.0
PONDY_AWS_2,06/06/2025 03:00,303.55,100890.0,72.0
CHENNAI_AWS_7,06/06/2025 03:00,305.15,100800.0,71.0
CHENNAI_AWS_7,06/06/2025 04:00,306.15,100800.0,67.0
PONDY_AWS_2,06/06/2025 04:00,305.65,100890.0,55.0
CHENNAI_AWS_7,06/06/2025 05:00,308.15,100800.0,60.0
PONDY_AWS_2,06/06/2025 05:00,306.95,100870.0,51.0
PONDY_AWS_2,06/06/2025 06:00,308.55,100770.0,54.0
CHENNAI_AWS_7,06/06/2025 06:00,309.15,100700.0,57.0
CHENNAI_AWS_7,06/06/2025 07:00,310.15,100600.0,50.0
PONDY_AWS_2,06/06/2025 07:00,308.45,100730.0,43.0
PONDY_AWS_2,06/06/2025 08:00,308.45,100640.0,43.0
CHENNAI_AWS_7,06/06/2025 08:00,310.15,100600.0,50.0
PONDY_AWS_2,06/06/2025 09:00,308.55,100570.0,60.0
CHENNAI_AWS_7,06/06/2025 09:00,309.15,100400.0,60.0
PONDY_AWS_2,06/06/2025 10:00,307.25,100500.0,56.0
CHENNAI_AWS_7,06/06/2025 10:00,309.15,100400.0,64.0
CHENNAI_AWS_7,06/06/2025 11:00,309.15,100400.0,60.0
PONDY_AWS_2,06/06/2025 11:00,306.25,100490.0,58.0
CHENNAI_AWS_7,06/06/2025 12:00,307.15,100500.0,67.0
PONDY_AWS_2,06/06/2025 12:00,304.95,100500.0,75.0
CHENNAI_AWS_7,06/06/2025 13:00,306.15,100500.0,71.0
PONDY_AWS_2,06/06/2025 13:00,304.25,100610.0,67.0
PONDY_AWS_2,06/06/2025 14:00,303.75,100680.0,68.0
CHENNAI_AWS_7,06/06/2025 14:00,306.15,100600.0,71.0
CHENNAI_AWS_7,06/06/2025 15:00,305.15,100700.0,75.0
PONDY_AWS_2,06/06/2025 15:00,304.15,100700.0,75.0
CHENNAI_AWS_7,06/06/2025 16:00,305.15,100700.0,80.0
PONDY_AWS_2,06/06/2025 16:00,303.05,100820.0,76.0
PONDY_AWS_2,06/06/2025 17:00,302.65,100860.0,83.0
CHENNAI_AWS_7,06/06/2025 17:00,304.15,100900.0,84.0
PONDY_AWS_2,06/06/2025 18:00,303.55,100750.0,83.0
CHENNAI_AWS_7,06/06/2025 18:00,303.15,100800.0,70.0
CHENNAI_AWS_7,06/06/2025 19:00,303.15,100800.0,70.0
PONDY_AWS_2,06/06/2025 19:00,302.05,100810.0,75.0
PONDY_AWS_2,06/06/2025 20:00,301.75,100760.0,75.0
CHENNAI_AWS_7,06/06/2025 20:00,304.15,100700.0,71.0
PONDY_AWS_2,06/06/2025 21:00,302.35,100710.0,86.0
CHENNAI_AWS_7,06/06/2025 21:00,304.15,100600.0,75.0
PONDY_AWS_2,06/06/2025 22:00,301.45,100710.0,74.0
CHENNAI_AWS_7,06/06/2025 22:00,304.15,100700.0,75.0
CHENNAI_AWS_7,06/06/2025 23:00,302.15,100700.0,79.0
PONDY_AWS_2,06/06/2025 23:00,301.45,100750.0,74.0
CHENNAI_AWS_7,07/06/2025 00:00,303.15,100700.0,75.0
PONDY_AWS_2,07/06/2025 00:00,302.15,100730.0,79.0
PONDY_AWS_2,07/06/2025 01:00,301.55,100870.0,70.0
CHENNAI_AWS_7,07/06/2025 01:00,303.15,100800.0,75.0
CHENNAI_AWS_7,07/06/2025 02:00,303.15,100900.0,75.0
PONDY_AWS_2,07/06/2025 02:00,302.55,100910.0,67.0
CHENNAI_AWS_7,07/06/2025 03:00,303.15,100900.0,79.0
PONDY_AWS_2,07/06/2025 03:00,303.15,100900.0,72.0
CHENNAI_AWS_7,07/06/2025 04:00,305.15,100800.0,80.0
PONDY_AWS_2,07/06/2025 04:00,304.65,100960.0,64.0
PONDY_AWS_2,07/06/2025 05:00,306.15,100930.0,57.0
CHENNAI_AWS_7,07/06/2025 05:00,307.15,100800.0,67.0
CHENNAI_AWS_7,07/06/2025 06:00,309.15,100700.0,53.0
PONDY_AWS_2,07/06/2025 06:00,308.35,100780.0,52.0
PONDY_AWS_2,07/06/2025 07:00,308.15,100750.0,50.0
CHENNAI_AWS_7,07/06/2025 07:00,309.15,100600.0,57.0
PONDY_AWS_2,07/06/2025 08:00,308.05,100630.0,47.0
CHENNAI_AWS_7,07/06/2025 08:00,309.15,100500.0,57.0
PONDY_AWS_2,07/06/2025 09:00,308.75,100510.0,45.0
CHENNAI_AWS_7,07/06/2025 09:00,310.15,100400.0,48.0
CHENNAI_AWS_7,07/06/2025 10:00,311.15,100400.0,48.0
PONDY_AWS_2,07/06/2025 10:00,308.85,100430.0,44.0
CHENNAI_AWS_7,07/06/2025 11:00,311.15,100400.0,48.0
PONDY_AWS_2,07/06/2025 11:00,307.85,100420.0,52.0
PONDY_AWS_2,07/06/2025 12:00,307.75,100490.0,55.0
CHENNAI_AWS_7,07/06/2025 12:00,310.15,100400.0,50.0
CHENNAI_AWS_7,07/06/2025 13:00,309.15,100500.0,53.0
PONDY_AWS_2,07/06/2025 13:00,304.65,100530.0,67.0
PONDY_AWS_2,07/06/2025 14:00,303.65,100620.0,71.0
CHENNAI_AWS_7,07/06/2025 14:00,307.15,100500.0,67.0
PONDY_AWS_2,07/06/2025 15:00,304.35,100640.0,81.0
CHENNAI_AWS_7,07/06/2025 15:00,306.15,100600.0,71.0
PONDY_AWS_2,07/06/2025 16:00,302.95,100770.0,76.0
CHENNAI_AWS_7,07/06/2025 16:00,305.15,100600.0,75.0
PONDY_AWS_2,07/06/2025 17:00,302.45,100800.0,81.0
CHENNAI_AWS_7,07/06/2025 17:00,305.15,100700.0,75.0
CHENNAI_AWS_7,07/06/2025 18:00,304.15,100600.0,79.0
PONDY_AWS_2,07/06/2025 18:00,303.55,100710.0,86.0
PONDY_AWS_2,07/06/2025 19:00,301.45,100790.0,82.0
CHENNAI_AWS_7,07/06/2025 19:00,304.15,100600.0,79.0
PONDY_AWS_2,07/06/2025 20:00,301.15,100720.0,83.0
CHENNAI_AWS_7,07/06/2025 20:00,304.15,100500.0,79.0
PONDY_AWS_2,07/06/2025 21:00,302.15,100530.0,81.0
CHENNAI_AWS_7,07/06/2025 21:00,303.15,100500.0,84.0
PONDY_AWS_2,07/06/2025 22:00,300.75,100650.0,84.0
CHENNAI_AWS_7,07/06/2025 22:00,303.15,100500.0,79.0
PONDY_AWS_2,07/06/2025 23:00,300.75,100630.0,67.0
CHENNAI_AWS_7,07/06/2025 23:00,303.15,100500.0,79.0
CHENNAI_AWS_7,08/06/2025 00:00,302.15,100600.0,84.0
PONDY_AWS_2,08/06/2025 00:00,301.75,100630.0,74.0
CHENNAI_AWS_7,08/06/2025 01:00,303.15,100600.0,79.0
PONDY_AWS_2,08/06/2025 01:00,300.75,100720.0,67.0
CHENNAI_AWS_7,08/06/2025 02:00,305.15,100700.0,67.0
PONDY_AWS_2,08/06/2025 02:00,302.15,100790.0,66.0
PONDY_AWS_2,08/06/2025 03:00,303.75,100700.0,64.0
CHENNAI_AWS_7,08/06/2025 03:00,306.15,100700.0,63.0
CHENNAI_AWS_7,08/06/2025 04:00,308.15,100600.0,56.0
PONDY_AWS_2,08/06/2025 04:00,305.35,100820.0,58.0
PONDY_AWS_2,08/06/2025 05:00,306.75,100790.0,54.0
CHENNAI_AWS_7,08/06/2025 05:00,309.15,100600.0,95.0
CHENNAI_AWS_7,08/06/2025 06:00,310.15,100500.0,54.0
PONDY_AWS_2,08/06/2025 06:00,309.75,100600.0,52.0
PONDY_AWS_2,08/06/2025 07:00,308.85,100650.0,46.0
CHENNAI_AWS_7,08/06/2025 07:00,311.15,100400.0,48.0
CHENNAI_AWS_7,08/06/2025 08:00,311.15,100400.0,48.0
PONDY_AWS_2,08/06/2025 08:00,308.95,100550.0,46.0
CHENNAI_AWS_7,08/06/2025 09:00,304.15,100300.0,63.0
PONDY_AWS_2,08/06/2025 09:00,313.15,100330.0,39.0
CHENNAI_AWS_7,08/06/2025 10:00,302.15,100300.0,79.0
PONDY_AWS_2,08/06/2025 10:00,309.05,100320.0,45.0
CHENNAI_AWS_7,08/06/2025 11:00,304.15,100300.0,66.0
PONDY_AWS_2,08/06/2025 11:00,305.55,100390.0,62.0
CHENNAI_AWS_7,08/06/2025 12:00,305.15,100400.0,63.0
PONDY_AWS_2,08/06/2025 12:00,305.45,100460.0,62.0
PONDY_AWS_2,08/06/2025 13:00,304.25,100540.0,65.0
CHENNAI_AWS_7,08/06/2025 13:00,304.15,100500.0,71.0
CHENNAI_AWS_7,08/06/2025 14:00,303.15,100600.0,75.0
PONDY_AWS_2,08/06/2025 14:00,303.35,100680.0,67.0
PONDY_AWS_2,08/06/2025 15:00,299.55,100790.0,87.0
CHENNAI_AWS_7,08/06/2025 15:00,303.15,100600.0,70.0
PONDY_AWS_2,08/06/2025 16:00,300.95,100870.0,80.0
CHENNAI_AWS_7,08/06/2025 16:00,302.15,100600.0,75.0
PONDY_AWS_2,08/06/2025 17:00,299.55,100960.0,89.0
CHENNAI_AWS_7,08/06/2025 17:00,302.15,100600.0,75.0
CHENNAI_AWS_7,08/06/2025 18:00,302.15,100500.0,75.0
PONDY_AWS_2,08/06/2025 18:00,289.12,100630.0,81.0
CHENNAI_AWS_7,08/06/2025 19:00,302.15,100500.0,75.0
PONDY_AWS_2,08/06/2025 19:00,290.72,100680.0,67.0
CHENNAI_AWS_7,08/06/2025 20:00,301.15,100400.0,84.0
PONDY_AWS_2,08/06/2025 20:00,301.65,100640.0,72.0
PONDY_AWS_2,08/06/2025 21:00,300.55,100490.0,84.0
CHENNAI_AWS_7,08/06/2025 21:00,301.15,100500.0,84.0
CHENNAI_AWS_7,08/06/2025 22:00,301.15,100500.0,84.0
PONDY_AWS_2,08/06/2025 22:00,300.95,100550.0,73.0
CHENNAI_AWS_7,08/06/2025 23:00,301.15,100500.0,84.0
PONDY_AWS_2,08/06/2025 23:00,300.95,100540.0,66.0
PONDY_AWS_2,09/06/2025 00:00,300.35,100510.0,86.0
CHENNAI_AWS_7,09/06/2025 00:00,301.15,100500.0,84.0
CHENNAI_AWS_7,09/06/2025 01:00,302.15,100500.0,79.0
PONDY_AWS_2,09/06/2025 01:00,300.65,100610.0,69.0
CHENNAI_AWS_7,09/06/2025 02:00,303.15,100500.0,75.0
PONDY_AWS_2,09/06/2025 02:00,301.65,100660.0,69.0
CHENNAI_AWS_7,09/06/2025 03:00,304.15,100500.0,71.0
PONDY_AWS_2,09/06/2025 03:00,302.95,100630.0,73.0
CHENNAI_AWS_7,09/06/2025 04:00,307.15,100500.0,60.0
PONDY_AWS_2,09/06/2025 04:00,304.95,100660.0,61.0
PONDY_AWS_2,09/06/2025 05:00,306.15,100690.0,57.0
CHENNAI_AWS_7,09/06/2025 05:00,308.15,100500.0,56.0
PONDY_AWS_2,09/06/2025 06:00,306.15,100690.0,57.0
CHENNAI_AWS_7,09/06/2025 06:00,309.15,100400.0,50.0
PONDY_AWS_2,09/06/2025 07:00,306.15,100690.0,57.0
CHENNAI_AWS_7,09/06/2025 07:00,310.15,100300.0,48.0
CHENNAI_AWS_7,09/06/2025 08:00,310.15,100200.0,50.0
PONDY_AWS_2,09/06/2025 08:00,306.15,100690.0,57.0
CHENNAI_AWS_7,09/06/2025 09:00,311.15,100100.0,48.0
PONDY_AWS_2,09/06/2025 09:00,306.15,100690.0,57.0
CHENNAI_AWS_7,09/06/2025 10:00,303.15,100200.0,66.0
PONDY_AWS_2,09/06/2025 10:00,306.15,100690.0,57.0
CHENNAI_AWS_7,09/06/2025 11:00,305.15,100200.0,56.0
PONDY_AWS_2,09/06/2025 11:00,306.15,100690.0,57.0
PONDY_AWS_2,09/06/2025 12:00,306.15,100690.0,57.0
CHENNAI_AWS_7,09/06/2025 12:00,305.15,100200.0,63.0
PONDY_AWS_2,09/06/2025 13:00,302.45,100390.0,76.0
CHENNAI_AWS_7,09/06/2025 13:00,305.15,100300.0,67.0
PONDY_AWS_2,09/06/2025 14:00,301.45,100530.0,77.0
CHENNAI_AWS_7,09/06/2025 14:00,305.15,100300.0,67.0
CHENNAI_AWS_7,09/06/2025 15:00,304.15,100400.0,66.0
PONDY_AWS_2,09/06/2025 15:00,301.75,100500.0,80.0
CHENNAI_AWS_7,09/06/2025 16:00,304.15,100400.0,66.0
PONDY_AWS_2,09/06/2025 16:00,301.35,100620.0,76.0
CHENNAI_AWS_7,09/06/2025 17:00,304.15,100400.0,66.0
PONDY_AWS_2,09/06/2025 17:00,300.95,100630.0,78.0
PONDY_AWS_2,09/06/2025 18:00,300.35,100600.0,79.0
CHENNAI_AWS_7,09/06/2025 18:00,303.15,100300.0,70.0
PONDY_AWS_2,09/06/2025 19:00,300.05,100520.0,79.0
CHENNAI_AWS_7,09/06/2025 19:00,303.15,100200.0,70.0
PONDY_AWS_2,09/06/2025 20:00,299.85,100360.0,81.0
CHENNAI_AWS_7,09/06/2025 20:00,302.15,100200.0,79.0
PONDY_AWS_2,09/06/2025 21:00,300.75,100260.0,77.0
CHENNAI_AWS_7,09/06/2025 21:00,302.15,100200.0,75.0
PONDY_AWS_2,09/06/2025 22:00,299.35,100250.0,83.0
CHENNAI_AWS_7,09/06/2025 22:00,301.15,100200.0,79.0
CHENNAI_AWS_7,09/06/2025 23:00,301.15,100200.0,79.0
PONDY_AWS_2,09/06/2025 23:00,299.45,100250.0,83.0
CHENNAI_AWS_7,10/06/2025 00:00,301.15,100200.0,79.0
PONDY_AWS_2,10/06/2025 00:00,299.75,100270.0,81.0
PONDY_AWS_2,10/06/2025 01:00,299.95,100320.0,84.0
CHENNAI_AWS_7,10/06/2025 01:00,302.15,100200.0,75.0
CHENNAI_AWS_7,10/06/2025 02:00,303.15,100200.0,75.0
PONDY_AWS_2,10/06/2025 02:00,300.85,100380.0,82.0
PONDY_AWS_2,10/06/2025 03:00,301.55,100350.0,75.0
CHENNAI_AWS_7,10/06/2025 03:00,305.15,100300.0,67.0
PONDY_AWS_2,10/06/2025 04:00,304.45,100460.0,63.0
CHENNAI_AWS_7,10/06/2025 04:00,307.15,100200.0,60.0
PONDY_AWS_2,10/06/2025 05:00,305.45,100430.0,59.0
CHENNAI_AWS_7,10/06/2025 05:00,308.15,100100.0,56.0
CHENNAI_AWS_7,10/06/2025 06:00,309.15,100100.0,53.0
PONDY_AWS_2,10/06/2025 06:00,307.55,100200.0,52.0
PONDY_AWS_2,10/06/2025 07:00,307.45,100280.0,54.0
CHENNAI_AWS_7,10/06/2025 07:00,310.15,100000.0,50.0
CHENNAI_AWS_7,10/06/2025 08:00,310.15,100000.0,50.0
PONDY_AWS_2,10/06/2025 08:00,308.15,100160.0,51.0
CHENNAI_AWS_7,10/06/2025 09:00,311.15,99900.0,48.0
PONDY_AWS_2,10/06/2025 09:00,310.15,100030.0,48.0
PONDY_AWS_2,10/06/2025 10:00,308.45,99920.0,48.0
CHENNAI_AWS_7,10/06/2025 10:00,311.15,99800.0,48.0
PONDY_AWS_2,10/06/2025 11:00,306.65,99940.0,59.0
CHENNAI_AWS_7,10/06/2025 11:00,309.15,99900.0,53.0
CHENNAI_AWS_7,10/06/2025 12:00,301.15,100000.0,84.0
PONDY_AWS_2,10/06/2025 12:00,308.55,99910.0,51.0
PONDY_AWS_2,10/06/2025 13:00,300.85,100180.0,85.0
CHENNAI_AWS_7,10/06/2025 13:00,300.15,100000.0,84.0
CHENNAI_AWS_7,10/06/2025 14:00,301.15,100000.0,79.0
PONDY_AWS_2,10/06/2025 14:00,299.85,100260.0,81.0
CHENNAI_AWS_7,10/06/2025 15:00,301.15,100100.0,79.0
PONDY_AWS_2,10/06/2025 15:00,298.35,100330.0,95.0
CHENNAI_AWS_7,10/06/2025 16:00,301.15,100100.0,79.0
PONDY_AWS_2,10/06/2025 16:00,298.45,100470.0,91.0
CHENNAI_AWS_7,10/06/2025 17:00,302.15,100100.0,75.0
PONDY_AWS_2,10/06/2025 17:00,298.15,100540.0,94.0
CHENNAI_AWS_7,10/06/2025 18:00,301.15,100200.0,79.0
PONDY_AWS_2,10/06/2025 18:00,298.15,100450.0,94.0
CHENNAI_AWS_7,10/06/2025 19:00,301.15,100200.0,79.0
PONDY_AWS_2,10/06/2025 19:00,298.25,100340.0,92.0
PONDY_AWS_2,10/06/2025 20:00,298.25,100250.0,91.0
CHENNAI_AWS_7,10/06/2025 20:00,300.15,100000.0,84.0
PONDY_AWS_2,10/06/2025 21:00,298.15,100110.0,95.0
CHENNAI_AWS_7,10/06/2025 21:00,301.15,100000.0,79.0
CHENNAI_AWS_7,10/06/2025 22:00,301.15,100000.0,79.0
PONDY_AWS_2,10/06/2025 22:00,300.35,100130.0,74.0
PONDY_AWS_2,10/06/2025 23:00,300.15,100120.0,75.0
CHENNAI_AWS_7,10/06/2025 23:00,301.15,100000.0,79.0
CHENNAI_AWS_7,11/06/2025 00:00,301.15,100000.0,79.0
PONDY_AWS_2,11/06/2025 00:00,299.15,100090.0,87.0
CHENNAI_AWS_7,11/06/2025 01:00,301.15,100200.0,84.0
PONDY_AWS_2,11/06/2025 01:00,300.25,100230.0,76.0
CHENNAI_AWS_7,11/06/2025 02:00,302.15,100200.0,79.0
PONDY_AWS_2,11/06/2025 02:00,301.25,100310.0,79.0
CHENNAI_AWS_7,11/06/2025 03:00,302.15,100200.0,79.0
PONDY_AWS_2,11/06/2025 03:00,301.35,100280.0,82.0
CHENNAI_AWS_7,11/06/2025 04:00,304.15,100200.0,75.0
PONDY_AWS_2,11/06/2025 04:00,304.35,100330.0,65.0
PONDY_AWS_2,11/06/2025 05:00,305.15,100300.0,62.0
CHENNAI_AWS_7,11/06/2025 05:00,306.15,100200.0,63.0
CHENNAI_AWS_7,11/06/2025 06:00,307.15,100200.0,60.0
PONDY_AWS_2,11/06/2025 06:00,304.75,100220.0,69.0
PONDY_AWS_2,11/06/2025 07:00,298.85,100240.0,94.0
CHENNAI_AWS_7,11/06/2025 07:00,307.15,100100.0,63.0
PONDY_AWS_2,11/06/2025 08:00,300.75,100120.0,85.0
CHENNAI_AWS_7,11/06/2025 08:00,308.15,100000.0,60.0
PONDY_AWS_2,11/06/2025 09:00,306.55,99990.0,65.0
CHENNAI_AWS_7,11/06/2025 09:00,293.35,99900.0,56.0
CHENNAI_AWS_7,11/06/2025 10:00,308.15,99800.0,56.0
PONDY_AWS_2,11/06/2025 10:00,303.95,99970.0,73.0
CHENNAI_AWS_7,11/06/2025 11:00,308.15,99800.0,56.0
PONDY_AWS_2,11/06/2025 11:00,304.15,99950.0,68.0
CHENNAI_AWS_7,11/06/2025 12:00,307.15,99900.0,63.0
PONDY_AWS_2,11/06/2025 12:00,305.75,99920.0,62.0
PONDY_AWS_2,11/06/2025 13:00,302.45,100080.0,72.0
CHENNAI_AWS_7,11/06/2025 13:00,305.15,99900.0,75.0
PONDY_AWS_2,11/06/2025 14:00,299.85,100190.0,86.0
CHENNAI_AWS_7,11/06/2025 14:00,306.15,100000.0,71.0
CHENNAI_AWS_7,11/06/2025 15:00,302.15,100100.0,75.0
PONDY_AWS_2,11/06/2025 15:00,299.55,100320.0,85.0
PONDY_AWS_2,11/06/2025 16:00,298.55,100370.0,89.0
CHENNAI_AWS_7,11/06/2025 16:00,301.15,100200.0,79.0
CHENNAI_AWS_7,11/06/2025 17:00,301.15,100200.0,84.0
PONDY_AWS_2,11/06/2025 17:00,298.25,100480.0,91.0
CHENNAI_AWS_7,11/06/2025 18:00,301.15,100200.0,84.0
PONDY_AWS_2,11/06/2025 18:00,297.75,100270.0,95.0
CHENNAI_AWS_7,11/06/2025 19:00,300.15,100100.0,89.0
PONDY_AWS_2,11/06/2025 19:00,297.95,100380.0,95.0
CHENNAI_AWS_7,11/06/2025 20:00,301.15,100000.0,84.0
PONDY_AWS_2,11/06/2025 20:00,297.85,100300.0,96.0
PONDY_AWS_2,11/06/2025 21:00,297.95,100190.0,94.0
CHENNAI_AWS_7,11/06/2025 21:00,300.15,100000.0,89.0
PONDY_AWS_2,11/06/2025 22:00,299.05,100090.0,83.0
CHENNAI_AWS_7,11/06/2025 22:00,301.15,100000.0,84.0
CHENNAI_AWS_7,11/06/2025 23:00,300.15,100000.0,84.0
PONDY_AWS_2,11/06/2025 23:00,299.05,100120.0,84.0
PONDY_AWS_2,12/06/2025 00:00,298.95,100120.0,84.0
CHENNAI_AWS_7,12/06/2025 00:00,301.15,100100.0,84.0
CHENNAI_AWS_7,12/06/2025 01:00,301.15,100100.0,84.0
PONDY_AWS_2,12/06/2025 01:00,299.05,100210.0,85.0
CHENNAI_AWS_7,12/06/2025 02:00,302.15,100100.0,79.0
PONDY_AWS_2,12/06/2025 02:00,299.65,100260.0,84.0
CHENNAI_AWS_7,12/06/2025 03:00,303.15,100200.0,79.0
PONDY_AWS_2,12/06/2025 03:00,299.95,100250.0,92.0
PONDY_AWS_2,12/06/2025 04:00,303.95,100310.0,69.0
CHENNAI_AWS_7,12/06/2025 04:00,306.15,100200.0,63.0
PONDY_AWS_2,12/06/2025 05:00,305.25,100290.0,62.0
CHENNAI_AWS_7,12/06/2025 05:00,307.15,100100.0,60.0
PONDY_AWS_2,12/06/2025 06:00,304.65,100170.0,67.0
CHENNAI_AWS_7,12/06/2025 06:00,307.15,100100.0,60.0
CHENNAI_AWS_7,12/06/2025 07:00,308.15,100000.0,56.0
PONDY_AWS_2,12/06/2025 07:00,306.55,100130.0,61.0
CHENNAI_AWS_7,12/06/2025 08:00,309.15,99900.0,53.0
PONDY_AWS_2,12/06/2025 08:00,306.55,100040.0,54.0
PONDY_AWS_2,12/06/2025 09:00,306.95,99970.0,62.0
CHENNAI_AWS_7,12/06/2025 09:00,309.15,99800.0,53.0
CHENNAI_AWS_7,12/06/2025 10:00,308.15,99800.0,60.0
PONDY_AWS_2,12/06/2025 10:00,306.85,99900.0,53.0
CHENNAI_AWS_7,12/06/2025 11:00,306.15,99800.0,71.0
PONDY_AWS_2,12/06/2025 11:00,305.45,99900.0,62.0
CHENNAI_AWS_7,12/06/2025 12:00,305.15,99900.0,71.0
PONDY_AWS_2,12/06/2025 12:00,304.25,99980.0,71.0
PONDY_AWS_2,12/06/2025 13:00,300.65,100150.0,86.0
CHENNAI_AWS_7,12/06/2025 13:00,303.15,100000.0,79.0
CHENNAI_AWS_7,12/06/2025 14:00,303.15,100000.0,79.0
PONDY_AWS_2,12/06/2025 14:00,300.65,100230.0,83.0
PONDY_AWS_2,12/06/2025 15:00,303.35,100160.0,80.0
CHENNAI_AWS_7,12/06/2025 15:00,304.15,100200.0,79.0
PONDY_AWS_2,12/06/2025 16:00,301.35,100360.0,78.0
CHENNAI_AWS_7,12/06/2025 16:00,301.15,100300.0,84.0
PONDY_AWS_2,12/06/2025 17:00,301.05,100360.0,82.0
CHENNAI_AWS_7,12/06/2025 17:00,301.15,100200.0,84.0
CHENNAI_AWS_7,12/06/2025 18:00,300.15,100200.0,89.0
PONDY_AWS_2,12/06/2025 18:00,302.55,100270.0,76.0
CHENNAI_AWS_7,12/06/2025 19:00,300.15,100200.0,89.0
PONDY_AWS_2,12/06/2025 19:00,300.95,100300.0,76.0
CHENNAI_AWS_7,12/06/2025 20:00,300.15,100100.0,89.0
PONDY_AWS_2,12/06/2025 20:00,300.45,100260.0,75.0
PONDY_AWS_2,12/06/2025 21:00,301.55,100120.0,78.0
CHENNAI_AWS_7,12/06/2025 21:00,301.15,100000.0,84.0
CHENNAI_AWS_7,12/06/2025 22:00,301.15,100100.0,84.0
PONDY_AWS_2,12/06/2025 22:00,299.55,100180.0,78.0
PONDY_AWS_2,12/06/2025 23:00,299.35,100150.0,76.0
CHENNAI_AWS_7,12/06/2025 23:00,301.15,100100.0,84.0
CHENNAI_AWS_7,13/06/2025 00:00,301.15,100200.0,84.0
PONDY_AWS_2,13/06/2025 00:00,300.35,100170.0,80.0
PONDY_AWS_2,13/06/2025 01:00,299.35,100300.0,77.0
CHENNAI_AWS_7,13/06/2025 01:00,302.15,100200.0,79.0
CHENNAI_AWS_7,13/06/2025 02:00,304.15,100300.0,71.0
PONDY_AWS_2,13/06/2025 02:00,300.75,100360.0,74.0
PONDY_AWS_2,13/06/2025 03:00,302.75,100350.0,70.0
CHENNAI_AWS_7,13/06/2025 03:00,306.15,100300.0,63.0
PONDY_AWS_2,13/06/2025 04:00,304.05,100420.0,63.0
CHENNAI_AWS_7,13/06/2025 04:00,307.15,100300.0,56.0
PONDY_AWS_2,13/06/2025 05:00,305.05,100400.0,61.0
CHENNAI_AWS_7,13/06/2025 05:00,308.15,100200.0,56.0
CHENNAI_AWS_7,13/06/2025 06:00,308.15,100200.0,56.0
PONDY_AWS_2,13/06/2025 06:00,307.55,100290.0,57.0
PONDY_AWS_2,13/06/2025 07:00,306.75,100300.0,57.0
CHENNAI_AWS_7,13/06/2025 07:00,309.15,100100.0,53.0
PONDY_AWS_2,13/06/2025 08:00,307.35,100190.0,55.0
CHENNAI_AWS_7,13/06/2025 08:00,309.15,100000.0,53.0
PONDY_AWS_2,13/06/2025 09:00,309.35,100040.0,51.0
CHENNAI_AWS_7,13/06/2025 09:00,309.15,100000.0,53.0
CHENNAI_AWS_7,13/06/2025 10:00,310.15,99900.0,50.0
PONDY_AWS_2,13/06/2025 10:00,307.45,99960.0,53.0
PONDY_AWS_2,13/06/2025 11:00,297.36,100000.0,58.0
CHENNAI_AWS_7,13/06/2025 11:00,308.15,99900.0,56.0
PONDY_AWS_2,13/06/2025 12:00,296.06,100080.0,64.0
CHENNAI_AWS_7,13/06/2025 12:00,306.15,100000.0,71.0
PONDY_AWS_2,13/06/2025 13:00,294.96,100160.0,71.0
CHENNAI_AWS_7,13/06/2025 13:00,305.15,100100.0,71.0
PONDY_AWS_2,13/06/2025 14:00,301.25,100310.0,85.0
CHENNAI_AWS_7,13/06/2025 14:00,305.15,100100.0,75.0
PONDY_AWS_2,13/06/2025 15:00,303.75,100270.0,69.0
CHENNAI_AWS_7,13/06/2025 15:00,304.15,100300.0,84.0
PONDY_AWS_2,13/06/2025 16:00,300.55,100430.0,84.0
CHENNAI_AWS_7,13/06/2025 16:00,301.15,100300.0,84.0
PONDY_AWS_2,13/06/2025 17:00,300.65,100470.0,81.0
CHENNAI_AWS_7,13/06/2025 17:00,302.15,100300.0,79.0
CHENNAI_AWS_7,13/06/2025 18:00,302.15,100300.0,79.0
PONDY_AWS_2,13/06/2025 18:00,302.15,100370.0,78.0
PONDY_AWS_2,13/06/2025 19:00,301.15,100350.0,72.0
CHENNAI_AWS_7,13/06/2025 19:00,302.15,100200.0,79.0
PONDY_AWS_2,13/06/2025 20:00,300.45,100320.0,75.0
CHENNAI_AWS_7,13/06/2025 20:00,301.15,100200.0,84.0
PONDY_AWS_2,13/06/2025 21:00,301.55,100240.0,76.0
CHENNAI_AWS_7,13/06/2025 21:00,301.15,100100.0,84.0
PONDY_AWS_2,13/06/2025 22:00,299.85,100260.0,78.0
CHENNAI_AWS_7,13/06/2025 22:00,301.15,100100.0,84.0
CHENNAI_AWS_7,13/06/2025 23:00,301.15,100200.0,84.0
PONDY_AWS_2,13/06/2025 23:00,299.65,100280.0,78.0
